City,Date,Cloudiness,Country,Humidity,Lat,Lng,Max Temp,Wind Speed
camacha,1566621195,40.0,PT,78.0,33.08,-16.33,73.4,9.17
eyl,1566621291,20.0,SO,43.0,7.98,49.82,89.12,27.81
busselton,1566621292,64.0,AU,37.0,-33.64,115.35,62.01,3.44
vilhena,1566621130,0.0,BR,55.0,-12.74,-60.15,72.2,1.32
sabang,1566621296,100.0,PH,79.0,13.8,121.11,84.0,4.0
rocha,1566621297,26.0,UY,86.0,-34.48,-54.34,41.24,4.76
mataura,1566621299,97.0,NZ,72.0,-46.19,168.86,53.01,11.01
kyshtovka,1566621300,89.0,RU,78.0,56.56,76.62,66.44,15.64
bluff,1566621301,64.0,AU,47.0,-23.58,149.07,70.22,16.98
guatire,1566621303,20.0,VE,65.0,10.47,-66.54,82.4,2.24
ponta do sol,1566621304,0.0,BR,79.0,-20.63,-46.0,56.18,2.28
thompson,1566621305,90.0,CA,87.0,55.74,-97.86,60.8,3.36
isla vista,1566621306,1.0,US,77.0,34.41,-119.86,68.0,4.7
hilo,1566621308,90.0,US,69.0,19.71,-155.08,82.4,6.93
baykit,1566621309,80.0,RU,41.0,61.68,96.39,67.7,4.03
mufulira,1566621310,33.0,ZM,57.0,-12.55,28.24,58.52,8.41
saint-cyr-sur-loire,1566621311,0.0,FR,67.0,47.41,0.67,60.8,5.82
nikolskoye,1566621313,90.0,RU,87.0,59.7,30.79,60.01,6.71
sao domingos,1566621314,17.0,BR,46.0,-13.4,-46.32,69.14,2.08
provideniya,1566621315,70.0,RU,57.0,64.42,-173.23,54.02,0.81
anadyr,1566621316,40.0,RU,54.0,64.73,177.51,59.0,6.71
hobart,1566621318,75.0,AU,39.0,-42.88,147.33,62.6,21.92
punta arenas,1566621319,90.0,CL,93.0,-53.16,-70.91,39.2,14.99
saint george,1566621320,0.0,GR,53.0,39.45,22.34,77.0,3.36
puerto ayora,1566621067,36.0,EC,92.0,-0.74,-90.35,70.0,4.0
tasiilaq,1566621323,100.0,GL,94.0,65.61,-37.64,41.0,3.36
yar-sale,1566621185,100.0,RU,67.0,66.83,70.83,57.26,19.33
cravo norte,1566621325,0.0,CO,90.0,6.3,-70.2,73.64,2.75
vaini,1566621326,40.0,IN,83.0,15.34,74.49,78.8,6.93
beloha,1566621328,18.0,MG,70.0,-25.17,45.06,70.58,14.99
tuktoyaktuk,1566621329,90.0,CA,75.0,69.44,-133.03,41.0,23.04
tazovskiy,1566621330,100.0,RU,84.0,67.47,78.7,50.96,12.77
bethel,1566621331,1.0,US,48.0,60.79,-161.76,62.6,13.87
hasaki,1566621333,75.0,JP,78.0,35.73,140.83,86.0,4.7
oussouye,1566621334,92.0,SN,82.0,12.49,-16.54,79.58,18.32
ipixuna,1566621335,0.0,BR,94.0,-1.76,-48.8,75.2,3.36
san quintin,1566621336,100.0,PH,92.0,17.54,120.52,76.16,7.61
airai,1566621338,56.0,TL,56.0,-8.93,125.41,82.64,6.13
hithadhoo,1566621123,41.0,MV,63.0,-0.6,73.08,83.18,6.46
liuhe,1566621340,37.0,CN,77.0,42.28,125.73,71.12,6.46
yellowknife,1566621341,90.0,CA,100.0,62.45,-114.38,51.8,12.75
kristiansund,1566621343,100.0,NO,93.0,63.12,7.73,53.6,16.11
pozo colorado,1566621344,0.0,PY,61.0,-23.49,-58.8,56.36,4.83
caluquembe,1566621345,68.0,AO,42.0,-13.78,14.68,51.86,8.25
salinopolis,1566621346,28.0,BR,81.0,-0.61,-47.36,80.12,14.09
carnarvon,1566621348,0.0,ZA,23.0,-30.97,22.13,57.62,9.24
la ronge,1566621350,40.0,CA,82.0,55.1,-105.3,59.0,3.36
marawi,1566621351,100.0,PH,77.0,8.0,124.29,84.0,5.99
taoudenni,1566621354,49.0,ML,34.0,22.68,-3.98,92.0,7.45
marzuq,1566621356,52.0,YE,17.0,14.4,46.47,85.7,5.88
rikitea,1566621357,68.0,PF,66.0,-23.12,-134.97,71.84,20.51
bredasdorp,1566621359,0.0,ZA,81.0,-34.53,20.04,53.6,4.7
dikson,1566621360,100.0,RU,98.0,73.51,80.55,40.7,18.01
pangnirtung,1566621361,90.0,CA,93.0,66.15,-65.72,42.8,1.7
ushuaia,1566621362,75.0,AR,75.0,-54.81,-68.31,41.0,12.75
new norfolk,1566621364,75.0,AU,39.0,-42.78,147.06,62.6,21.92
leh,1566621365,0.0,IN,31.0,34.16,77.58,52.4,2.44
lorengau,1566621366,20.0,PG,72.0,-2.02,147.27,83.18,11.03
high level,1566621369,75.0,CA,76.0,58.52,-117.13,57.2,2.24
zwedru,1566621371,76.0,LR,98.0,6.07,-8.13,70.22,2.66
catia la mar,1566621372,20.0,VE,65.0,10.6,-67.03,82.4,2.24
cabo san lucas,1566621133,75.0,MX,83.0,22.89,-109.91,82.0,5.82
namibe,1566621375,66.0,AO,87.0,-15.19,12.15,66.62,9.8
iqaluit,1566621377,40.0,CA,75.0,63.75,-68.52,42.8,2.24
kodiak,1566621378,1.0,US,78.0,39.95,-94.76,71.6,8.05
lichtenburg,1566621379,0.0,ZA,34.0,-26.15,26.16,56.9,14.03
urucara,1566621380,6.0,BR,79.0,-2.54,-57.76,73.64,1.28
srednekolymsk,1566621382,39.0,RU,35.0,67.46,153.71,77.24,3.74
richards bay,1566621383,0.0,ZA,68.0,-28.77,32.06,64.28,7.16
qaanaaq,1566621374,94.0,GL,66.0,77.48,-69.36,35.3,22.44
roma,1566621226,0.0,IT,68.0,41.89,12.48,75.2,5.82
georgetown,1566621279,0.0,GY,100.0,6.8,-58.16,75.2,2.24
barrow,1566621391,99.0,AR,73.0,-38.31,-60.23,49.34,11.54
chapais,1566621393,1.0,CA,93.0,49.78,-74.86,48.2,4.7
avarua,1566621394,7.0,CK,73.0,-21.21,-159.78,75.2,12.75
trebinje,1566621395,0.0,HR,47.0,42.71,18.35,84.2,4.7
micheweni,1566621397,91.0,TZ,88.0,-4.97,39.83,75.08,12.8
alihe,1566621398,82.0,CN,50.0,50.57,123.73,74.36,2.98
chokurdakh,1566621399,11.0,RU,41.0,70.62,147.9,66.98,3.44
albany,1566621301,75.0,US,100.0,42.65,-73.75,61.0,3.06
port alfred,1566621402,0.0,ZA,93.0,-33.59,26.89,55.0,5.23
constitucion,1566621403,93.0,MX,73.0,23.99,-104.67,63.0,7.0
atuona,1566621404,93.0,PF,74.0,-9.8,-139.03,79.04,15.79
guerrero negro,1566621406,0.0,MX,85.0,27.97,-114.04,67.88,2.68
loandjili,1566621407,40.0,CG,100.0,-4.77,11.87,71.6,3.36
cape town,1566621408,0.0,ZA,75.0,-33.93,18.42,53.01,4.7
luwuk,1566621409,97.0,ID,94.0,-0.95,122.79,68.96,3.56
harer,1566621411,1.0,US,66.0,42.19,-111.17,63.0,3.36
hermanus,1566621412,0.0,ZA,25.0,-34.42,19.24,64.99,1.01
havelock,1566621413,75.0,US,74.0,34.88,-76.9,82.4,5.82
kabanjahe,1566621414,99.0,ID,42.0,3.1,98.49,88.0,4.81
salvador,1566621190,40.0,BR,88.0,-12.98,-38.48,75.2,6.93
westport,1566621417,75.0,US,68.0,41.14,-73.36,68.0,8.05
longyearbyen,1566621418,75.0,NO,67.0,78.22,15.63,37.4,11.41
kargil,1566621420,0.0,PK,33.0,34.56,76.13,58.34,2.37
kapaa,1566621188,75.0,US,78.0,22.08,-159.32,87.8,11.41
tiksi,1566621422,92.0,RU,87.0,71.64,128.87,51.68,2.26
sobolevo,1566621423,6.0,RU,76.0,54.43,31.9,61.4,5.7
mount isa,1566621425,0.0,AU,10.0,-20.73,139.49,86.0,6.93
itarema,1566621426,7.0,BR,84.0,-2.92,-39.92,73.1,6.26
talnakh,1566621427,40.0,RU,93.0,69.49,88.39,57.2,8.95
port blair,1566621430,92.0,IN,81.0,11.67,92.75,82.82,26.31
san carlos de bariloche,1566621307,40.0,AR,87.0,-41.13,-71.31,42.8,6.93
faanui,1566621434,0.0,PF,70.0,-16.48,-151.75,78.32,9.91
lagos,1566621435,20.0,NG,88.0,6.46,3.39,77.0,10.0
geraldton,1566621436,5.0,CA,87.0,49.72,-86.95,51.8,2.24
mahebourg,1566621437,40.0,MU,88.0,-20.41,57.7,73.99,8.72
nohar,1566621439,0.0,IN,24.0,29.18,74.77,102.62,9.48
algeciras,1566621440,15.0,ES,83.0,36.13,-5.45,73.4,18.34
yarada,1566621441,40.0,IN,66.0,17.65,83.27,87.8,10.29
grand gaube,1566621443,40.0,MU,88.0,-20.01,57.66,73.99,10.33
kununurra,1566621444,9.0,AU,7.0,-15.77,128.74,89.6,8.05
rio gallegos,1566621446,75.0,AR,86.0,-51.62,-69.22,41.0,2.24
pevek,1566621447,1.0,RU,76.0,69.7,170.27,44.48,8.14
upernavik,1566621449,69.0,GL,59.0,72.79,-56.15,38.9,11.36
oktyabrskiy,1566621450,61.0,RU,87.0,55.61,37.97,63.0,2.24
hirara,1566621451,75.0,JP,79.0,24.8,125.28,87.8,23.04
pangkalanbuun,1566621413,63.0,ID,59.0,-2.68,111.62,88.4,5.88
inhambane,1566621454,3.0,MZ,66.0,-23.87,35.38,68.24,4.23
tokur,1566621455,100.0,RU,73.0,53.13,132.9,58.88,4.68
vila,1566621456,40.0,IT,100.0,45.18,8.4,70.0,5.82
roald,1566621457,75.0,NO,93.0,62.58,6.12,55.99,9.17
jamestown,1566621356,3.0,AU,76.0,-33.21,138.6,58.88,14.18
port elizabeth,1566621462,75.0,US,93.0,39.31,-74.98,70.0,4.7
bathsheba,1566621463,20.0,BB,78.0,13.22,-59.52,82.4,12.75
saskylakh,1566621465,96.0,RU,62.0,71.97,114.09,58.52,5.19
boa vista,1566621177,0.0,BR,74.0,2.82,-60.67,80.6,3.36
alice springs,1566621467,0.0,AU,9.0,-23.7,133.88,77.0,5.82
khatanga,1566621469,54.0,RU,48.0,71.98,102.47,64.46,5.41
sao paulo do potengi,1566621470,20.0,BR,88.0,-5.89,-35.76,71.6,5.82
los llanos de aridane,1566621471,0.0,ES,88.0,28.66,-17.92,71.6,16.11
redcliffe,1566621472,20.0,AU,54.0,-31.94,115.94,64.99,6.93
san patricio,1566621475,50.0,PY,87.0,-26.98,-56.83,49.88,5.55
kavieng,1566621476,60.0,PG,74.0,-2.57,150.8,83.0,12.68
meulaboh,1566621477,100.0,ID,86.0,4.14,96.13,78.14,16.31
aklavik,1566621478,90.0,CA,80.0,68.22,-135.01,41.0,11.41
basco,1566621481,75.0,US,88.0,40.33,-91.2,66.2,5.82
pangai,1566621482,75.0,TO,94.0,-19.8,-174.35,78.8,8.05
lebu,1566621483,75.0,ET,87.0,8.96,38.73,55.4,5.82
cockburn town,1566621225,7.0,TC,81.0,21.46,-71.14,83.18,22.62
konstantinovskiy,1566621486,0.0,RU,93.0,57.83,39.59,55.4,4.47
oksfjord,1566621487,93.0,NO,93.0,70.24,22.35,48.2,11.41
green river,1566621489,1.0,US,17.0,41.53,-109.47,64.4,10.29
midland,1566621304,1.0,US,65.0,32.0,-102.08,78.8,13.87
arraial do cabo,1566621491,81.0,BR,89.0,-22.97,-42.02,63.92,6.46
marsa matruh,1566621492,20.0,EG,83.0,31.35,27.25,77.0,5.82
glenwood springs,1566621494,1.0,US,21.0,39.55,-107.33,69.8,12.75
panguna,1566621495,99.0,PG,89.0,-6.32,155.48,76.7,6.89
husavik,1566621496,99.0,CA,51.0,50.56,-96.99,69.01,5.01
arman,1566621498,99.0,RU,77.0,59.7,150.17,57.08,6.89
goure,1566621499,96.0,NE,67.0,13.98,10.27,79.4,12.91
mayo,1566621500,75.0,CA,30.0,63.59,-135.9,59.0,4.7
sao joao da barra,1566621503,77.0,BR,91.0,-21.64,-41.05,63.38,1.72
mbini,1566621504,40.0,GQ,100.0,1.58,9.62,73.4,3.18
ahipara,1566621505,0.0,NZ,96.0,-35.17,173.16,57.99,28.99
pisco,1566621506,61.0,PE,82.0,-13.71,-76.2,60.8,6.93
ostrovnoy,1566621508,97.0,RU,80.0,68.05,39.51,48.26,4.38
bull savanna,1566621509,1.0,JM,76.0,17.89,-77.59,81.56,3.02
rongcheng,1566621511,73.0,CN,62.0,37.16,122.42,77.6,6.24
norwich,1566621513,1.0,GB,100.0,52.63,1.29,60.8,1.12
beya,1566621514,100.0,RU,78.0,53.05,90.92,57.44,16.35
palmer,1566621516,75.0,AU,67.0,-34.85,139.16,60.01,18.34
russell,1566621518,75.0,US,94.0,38.9,-98.86,72.0,10.29
qaqortoq,1566621519,0.0,GL,80.0,60.72,-46.03,41.0,4.7
cidreira,1566621520,0.0,BR,91.0,-30.17,-50.22,50.42,2.89
otjiwarongo,1566621522,0.0,NA,25.0,-20.46,16.65,53.6,3.36
beringovskiy,1566621524,43.0,RU,62.0,63.05,179.32,57.8,9.44
acapulco,1566621525,75.0,MX,78.0,16.86,-99.88,80.6,5.82
bambous virieux,1566621526,40.0,MU,88.0,-20.34,57.76,73.99,8.72
suraabad,1566621528,0.0,AZ,66.0,40.82,49.47,84.2,6.93
pochutla,1566621529,5.0,MX,88.0,15.74,-96.47,79.0,4.16
monroe,1566621530,1.0,US,51.0,41.91,-83.4,66.99,3.36
bafoulabe,1566621532,87.0,ML,93.0,13.81,-10.83,73.64,8.84
gorodishche,1566621533,88.0,RU,62.0,53.27,45.7,62.01,4.7
vardo,1566621534,1.0,US,93.0,39.62,-77.74,63.0,4.7
kidal,1566621535,63.0,ML,62.0,18.44,1.41,83.0,7.92
san cristobal,1566621537,0.0,HN,93.0,14.68,-86.92,66.62,5.26
black river,1566621538,40.0,JM,88.0,18.03,-77.85,78.8,2.24
dukat,1566621539,0.0,AL,53.0,40.25,19.57,80.01,1.99
otjimbingwe,1566621540,0.0,NA,28.0,-22.35,16.13,55.64,5.57
avera,1566621542,1.0,US,94.0,33.19,-82.53,75.2,3.02
itaituba,1566621543,18.0,BR,91.0,-4.26,-55.99,70.04,1.61
mahibadhoo,1566621544,36.0,MV,68.0,3.78,72.97,82.82,7.45
norman wells,1566621547,75.0,CA,93.0,65.28,-126.83,48.2,4.7
wuwei,1566621548,95.0,CN,41.0,37.93,102.64,79.0,4.18
college,1566621549,75.0,US,81.0,64.86,-147.8,51.8,3.36
kommunisticheskiy,1566621551,100.0,RU,92.0,61.68,64.48,53.12,13.29
saldanha,1566621552,0.0,PT,45.0,41.42,-6.55,66.44,3.18
doha,1566621262,0.0,QA,71.0,25.29,51.53,93.2,10.29
san rafael,1566621349,17.0,AR,48.0,-34.61,-68.33,53.3,5.21
lagoa,1566621556,0.0,PT,60.0,37.14,-8.45,73.99,5.82
darnah,1566621557,0.0,LY,82.0,32.77,22.64,77.6,13.4
codrington,1566621558,0.0,AU,36.0,-28.95,153.24,75.2,10.29
mae sai,1566621560,40.0,MM,88.0,20.44,99.89,87.01,4.7
east london,1566621561,0.0,ZA,100.0,-33.02,27.91,55.4,2.24
wanning,1566621562,0.0,AT,93.0,48.64,13.53,63.0,2.24
nara,1566621563,75.0,JP,69.0,34.68,135.8,86.0,5.82
kitgum,1566621565,39.0,UG,85.0,3.3,32.88,71.66,2.42
kruisfontein,1566621568,0.0,ZA,58.0,-34.0,24.73,62.12,7.92
jishui,1566621570,3.0,CN,44.0,27.23,115.13,97.22,12.44
saint-gabriel,1566621571,1.0,CA,77.0,46.3,-73.38,61.0,6.93
praia da vitoria,1566621573,75.0,PT,94.0,38.73,-27.07,69.8,14.12
dvinskoy,1566621575,83.0,RU,77.0,62.16,45.12,55.82,5.66
la plata,1566621576,0.0,AR,93.0,-34.92,-57.95,55.4,8.05
lata,1566621577,41.0,IN,92.0,30.78,78.62,50.6,8.19
coquimbo,1566621578,20.0,CL,93.0,-29.95,-71.34,50.0,1.81
biak,1566621580,97.0,ID,94.0,-0.91,122.88,68.96,3.56
lokoja,1566621581,96.0,NG,96.0,7.8,6.74,71.12,4.18
suntar,1566621582,36.0,RU,61.0,62.16,117.65,66.44,4.36
margate,1566621584,75.0,AU,39.0,-43.03,147.26,62.6,21.92
san andres,1566621585,100.0,PH,75.0,13.32,122.68,83.18,15.64
kayerkan,1566621586,40.0,RU,93.0,69.35,87.76,57.2,8.95
yerbogachen,1566621587,100.0,RU,50.0,61.28,108.01,66.44,2.53
tahe,1566621589,0.0,CN,68.0,52.34,124.71,70.4,4.68
kerman,1566621590,0.0,IR,9.0,30.29,57.06,71.6,2.24
toamasina,1566621591,75.0,MG,88.0,-18.17,49.38,68.0,11.41
kaitangata,1566621594,73.0,NZ,53.0,-46.28,169.85,54.0,11.01
severo-kurilsk,1566621595,100.0,RU,84.0,50.68,156.12,50.96,6.33
honiara,1566621596,40.0,SB,62.0,-9.43,159.96,89.6,13.87
narsaq,1566621569,0.0,GL,80.0,60.91,-46.05,41.0,4.7
ugoofaaru,1566621599,79.0,MV,75.0,5.67,73.0,82.28,10.54
ihosy,1566621600,7.0,MG,59.0,-22.4,46.13,61.76,9.86
katsuura,1566621601,75.0,JP,61.0,33.93,134.5,82.4,8.05
port hardy,1566621604,90.0,CA,93.0,50.7,-127.42,57.2,6.93
maningrida,1566621606,96.0,AU,48.0,-12.05,134.23,81.56,13.53
butaritari,1566621607,55.0,KI,70.0,3.07,172.79,84.8,7.67
atar,1566621608,5.0,MR,66.0,20.52,-13.05,79.76,9.91
teluk intan,1566621609,75.0,MY,66.0,4.02,101.03,89.6,3.36
saint-philippe,1566621611,40.0,CA,67.0,45.36,-73.48,62.6,10.29
lillesand,1566621612,45.0,NO,100.0,58.25,8.38,55.99,3.36
tigzirt,1566621613,0.0,DZ,80.0,36.57,4.2,67.7,2.24
salinas,1566621615,75.0,US,82.0,36.67,-121.66,68.0,8.05
ginir,1566621616,0.0,ET,66.0,7.14,40.71,66.08,9.15
yulara,1566621617,0.0,AU,6.0,-25.24,130.99,78.8,10.29
fortuna,1566621619,0.0,ES,77.0,38.18,-1.13,71.01,4.7
guarapari,1566621620,0.0,BR,93.0,-20.67,-40.5,66.2,2.24
katima mulilo,1566621621,0.0,NA,59.0,-17.5,24.28,37.4,7.94
kharp,1566621623,100.0,RU,78.0,66.82,65.8,53.84,6.4
mehamn,1566621625,98.0,NO,88.0,71.03,27.85,41.96,12.88
port moresby,1566621626,75.0,PG,69.0,-9.47,147.16,82.4,28.86
kuldur,1566621627,48.0,RU,88.0,49.22,131.63,66.08,1.86
kattivakkam,1566621628,75.0,IN,62.0,13.22,80.32,89.6,9.17
angoram,1566621630,50.0,PG,70.0,-4.06,144.07,85.88,5.97
the valley,1566621631,20.0,AI,83.0,18.22,-63.06,82.4,6.93
zakamensk,1566621632,59.0,RU,45.0,50.38,103.29,71.3,5.55
new glasgow,1566621634,79.0,CA,82.0,45.59,-62.65,64.99,5.99
matamoros,1566621635,20.0,US,89.0,25.87,-97.51,84.99,12.75
torbay,1566621636,90.0,CA,93.0,47.66,-52.73,66.99,17.22
amahai,1566621637,45.0,ID,80.0,-3.31,129.0,78.32,11.01
isangel,1566621639,75.0,VU,57.0,-19.55,169.27,75.2,18.34
benguela,1566621640,89.0,AO,87.0,-12.58,13.4,67.7,2.98
pavlivka,1566621641,64.0,UA,63.0,48.13,39.54,76.88,9.64
constantine,1566621642,4.0,DZ,94.0,36.36,6.61,68.0,3.11
grants,1566621644,1.0,US,21.0,35.15,-107.85,71.6,10.29
mareeba,1566621645,75.0,AU,44.0,-16.99,145.42,78.8,13.87
moussoro,1566621646,80.0,TD,77.0,13.64,16.49,78.32,6.67
ribeira grande,1566621648,5.0,PT,82.0,38.52,-28.7,68.96,14.74
sioux lookout,1566621650,20.0,CA,93.0,50.1,-91.92,60.8,2.24
serov,1566621651,29.0,RU,63.0,59.61,60.57,61.04,14.54
sann,1566621652,6.0,PK,62.0,26.04,68.14,87.8,9.17
kupang,1566621654,52.0,ID,74.0,-10.16,123.6,80.3,8.57
weligama,1566621655,100.0,LK,77.0,5.97,80.42,81.2,8.61
mar del plata,1566621439,100.0,AR,61.0,-46.43,-67.52,47.72,16.75
bhakkar,1566621657,0.0,PK,19.0,31.63,71.07,105.86,7.29
hualmay,1566621659,71.0,PE,94.0,-11.1,-77.61,57.62,14.83
gizo,1566621662,40.0,IL,78.0,31.8,34.94,80.6,4.7
bandarbeyla,1566621664,15.0,SO,35.0,9.49,50.81,92.9,31.65
wrzesnia,1566621665,0.0,PL,78.0,52.33,17.57,61.0,1.99
loa janan,1566621666,100.0,ID,79.0,-0.58,117.09,84.8,2.37
mahon,1566621667,75.0,IE,93.0,51.89,-8.4,60.01,8.05
hambantota,1566621669,90.0,LK,100.0,6.12,81.12,78.8,9.17
nyurba,1566621671,45.0,RU,81.0,63.29,118.35,61.4,3.89
cherskiy,1566621674,62.0,RU,35.0,68.75,161.3,66.26,4.43
tura,1566621675,40.0,RU,41.0,64.27,100.22,66.62,6.93
wuda,1566621676,31.0,CN,37.0,39.5,106.72,74.72,4.23
riohacha,1566621679,2.0,CO,81.0,11.54,-72.91,80.12,4.23
ancud,1566621680,90.0,CL,100.0,-41.87,-73.83,50.0,13.87
ketchikan,1566621382,90.0,US,100.0,55.34,-131.65,55.4,18.34
mackay,1566621682,75.0,CA,87.0,53.65,-115.58,59.0,3.36
patitirion,1566621684,20.0,GR,69.0,39.15,23.87,80.6,14.99
myitkyina,1566621686,15.0,MM,54.0,25.38,97.4,88.22,4.43
coromandel,1566621687,0.0,BR,68.0,-18.47,-47.2,59.96,4.38
burns lake,1566621690,100.0,CA,92.0,54.23,-125.76,45.02,3.89
mweka,1566621691,6.0,CD,33.0,-4.85,21.56,77.06,2.73
agadir,1566621692,0.0,MA,31.0,30.42,-9.58,87.8,10.29
laguna,1566621637,40.0,BZ,94.0,16.17,-88.94,78.8,1.68
homer,1566621695,1.0,US,55.0,59.64,-151.54,64.4,8.05
sao filipe,1566621696,53.0,CV,78.0,14.9,-24.5,77.42,7.92
adeje,1566621697,100.0,NG,91.0,5.68,5.76,75.26,5.97
lakhisarai,1566621699,99.0,IN,63.0,25.18,86.09,91.1,17.18
cayambe,1566621700,20.0,EC,54.0,0.04,-78.14,55.4,5.82
castro,1566621701,90.0,CL,100.0,-42.48,-73.76,50.0,13.87
leningradskiy,1566621702,67.0,RU,81.0,69.38,178.42,42.86,6.13
bubaque,1566621704,84.0,GW,83.0,11.28,-15.83,78.86,15.59
kahului,1566621705,40.0,US,62.0,20.89,-156.47,84.2,17.22
buala,1566621706,85.0,SB,77.0,-8.15,159.59,82.28,8.01
oriximina,1566621707,0.0,BR,86.0,-1.77,-55.87,75.8,4.5
fethiye,1566621709,0.0,TR,48.0,36.62,29.12,82.4,5.82
udachnyy,1566621710,75.0,RU,82.0,66.42,112.4,57.2,2.24
kirakira,1566621711,100.0,SB,86.0,-10.46,161.92,78.14,17.69
coihaique,1566621712,95.0,CL,93.0,-45.58,-72.07,42.8,4.7
temiscaming,1566621714,1.0,CA,87.0,46.72,-79.1,53.01,9.17
esperance,1566621715,75.0,AU,67.0,-33.86,121.89,57.2,9.17
sampit,1566621716,90.0,ID,64.0,-2.54,112.95,86.06,1.05
lavrentiya,1566621718,52.0,RU,76.0,65.58,-170.99,48.44,4.09
matagami,1566621719,98.0,NG,98.0,9.67,8.4,67.34,4.16
khatassy,1566621720,75.0,RU,77.0,61.91,129.64,64.4,15.66
christchurch,1566621721,15.0,NZ,66.0,-43.53,172.64,53.6,12.75
harper,1566621723,75.0,US,65.0,30.3,-99.24,82.4,5.82
prince rupert,1566621724,90.0,CA,93.0,54.32,-130.32,57.2,11.41
hurricane,1566621725,1.0,US,12.0,37.18,-113.29,84.2,3.36
plainview,1566621728,1.0,US,60.0,34.18,-101.71,77.0,11.41
northam,1566621729,40.0,AU,62.0,-31.65,116.67,57.2,6.93
umtata,1566621730,0.0,ZA,100.0,-31.59,28.78,44.6,6.44
sorland,1566621731,100.0,NO,82.0,67.67,12.69,50.24,19.22
minden,1566621733,90.0,US,100.0,40.5,-98.95,70.0,12.75
port hawkesbury,1566621734,20.0,CA,68.0,45.62,-61.36,69.01,12.75
coralville,1566621735,1.0,US,72.0,41.68,-91.58,66.2,9.17
gayny,1566621736,81.0,RU,64.0,60.3,54.33,61.4,7.85
erenhot,1566621738,64.0,CN,23.0,43.65,111.97,81.38,12.66
sur,1566621739,0.0,OM,38.0,22.57,59.53,94.16,5.28
guia de isora,1566621740,0.0,ES,88.0,28.21,-16.78,78.01,1.12
maryborough,1566621741,98.0,AU,51.0,-25.54,152.7,68.06,2.68
sola,1566621743,8.0,TZ,46.0,-3.17,33.8,74.18,9.91
hailey,1566621744,5.0,US,59.0,43.52,-114.32,60.8,5.14
maues,1566621745,24.0,BR,84.0,-3.38,-57.72,73.64,1.77
iquique,1566621746,90.0,CL,72.0,-20.22,-70.14,59.0,5.82
jalu,1566621748,0.0,LY,66.0,29.03,21.55,76.88,8.39
tadine,1566621750,48.0,NC,67.0,-21.55,167.88,67.52,20.78
hornepayne,1566621751,0.0,CA,87.0,49.22,-84.78,47.54,4.41
bambanglipuro,1566621753,72.0,ID,83.0,-7.95,110.28,74.54,14.54
nouakchott,1566621754,0.0,MR,88.0,18.08,-15.98,78.8,4.7
svetlaya,1566621755,100.0,RU,89.0,46.54,138.33,52.4,1.86
aktau,1566621757,0.0,KZ,23.0,43.65,51.16,86.0,15.66
ulaangom,1566621758,0.0,MN,28.0,49.98,92.07,66.44,7.27
motril,1566621760,0.0,ES,82.0,36.75,-3.52,70.0,3.62
dauriya,1566621762,0.0,RU,44.0,49.93,116.85,73.1,4.29
novoaltaysk,1566621763,0.0,RU,59.0,53.39,83.94,66.2,8.95
saint-pierre,1566621764,0.0,FR,77.0,48.95,4.24,59.0,4.7
mae ramat,1566621766,75.0,TH,83.0,16.98,98.52,82.4,2.75
sorrento,1566621767,20.0,AU,54.0,-31.82,115.75,64.99,6.93
melioratorov,1566621768,0.0,RU,72.0,57.21,65.61,61.0,13.42
porto tolle,1566621769,0.0,IT,78.0,44.95,12.32,73.0,6.93
faya,1566621771,0.0,SA,55.0,18.39,42.45,68.0,6.67
port hedland,1566621773,0.0,AU,15.0,-20.31,118.58,87.8,9.17
arawa,1566621775,20.0,ID,81.0,-3.93,119.75,80.3,16.2
sivota,1566621776,0.0,GR,69.0,39.41,20.25,80.01,3.36
ulladulla,1566621777,0.0,AU,18.0,-35.36,150.48,73.4,16.11
anchorage,1566621506,20.0,US,51.0,61.22,-149.89,64.4,8.05
komarikhinskiy,1566621780,0.0,RU,82.0,58.1,57.12,57.2,8.95
makokou,1566621781,100.0,GA,97.0,0.56,12.85,68.42,4.12
nanzhang,1566621782,34.0,CN,56.0,31.78,111.84,83.54,5.97
chuy,1566621784,12.0,UY,89.0,-33.69,-53.46,46.28,2.62
lively,1566621786,40.0,US,74.0,32.41,-96.32,84.99,3.36
stillwater,1566621635,1.0,US,94.0,36.12,-97.06,73.99,3.36
clyde river,1566621571,1.0,CA,54.0,70.47,-68.59,55.4,17.22
lamu,1566621791,96.0,CN,68.0,35.77,102.37,63.92,6.04
paracuru,1566621792,20.0,BR,74.0,-3.41,-39.03,78.8,13.87
hami,1566621793,0.0,CN,15.0,42.84,93.51,90.74,8.7
banda aceh,1566621795,100.0,ID,76.0,5.56,95.32,81.74,17.0
calvinia,1566621796,0.0,ZA,29.0,-31.47,19.78,60.32,5.44
malangwa,1566621799,42.0,CD,54.0,-2.84,17.57,80.48,5.61
emba,1566621760,0.0,CY,60.0,34.81,32.42,80.6,6.93
vestmannaeyjar,1566621801,100.0,IS,89.0,63.44,-20.27,51.14,15.95
teguldet,1566621803,62.0,RU,53.0,57.31,88.17,69.5,8.43
nhulunbuy,1566621804,75.0,AU,61.0,-12.18,136.78,80.6,12.75
oakdale,1566621805,1.0,US,47.0,37.77,-120.85,84.2,8.23
tirur,1566621806,75.0,IN,83.0,10.92,75.92,82.0,4.7
broken hill,1566621808,0.0,AU,20.0,-31.97,141.45,68.0,16.11
tezpur,1566621809,34.0,IN,57.0,26.62,92.79,92.9,9.17
sambava,1566621810,50.0,MG,58.0,-14.27,50.17,75.44,4.68
nanortalik,1566621811,88.0,GL,91.0,60.14,-45.24,39.44,1.28
sao jose da coroa grande,1566621813,60.0,BR,94.0,-8.9,-35.15,67.88,3.87
cobija,1566621815,20.0,BR,50.0,-11.02,-68.77,73.64,1.21
derzhavinsk,1566621817,95.0,KZ,32.0,51.1,66.31,77.06,10.54
zhoucheng,1566621818,0.0,CN,43.0,31.35,119.33,89.6,11.18
banjarmasin,1566621819,40.0,ID,59.0,-3.32,114.59,89.6,2.24
kulhudhuffushi,1566621822,76.0,MV,79.0,6.62,73.07,82.1,11.59
olinda,1566621823,40.0,AU,45.0,-37.84,145.39,66.0,20.8
santiago del estero,1566621731,6.0,AR,46.0,-27.8,-64.26,55.28,7.58
muros,1566621825,90.0,ES,100.0,42.77,-9.06,64.0,8.79
wahiawa,1566621828,90.0,US,78.0,21.5,-158.02,84.2,3.36
magway,1566621829,100.0,MM,88.0,20.15,94.92,79.94,1.21
berlevag,1566621831,100.0,NO,86.0,70.86,29.09,43.94,4.14
ilulissat,1566621569,0.0,GL,55.0,69.22,-51.1,39.2,7.56
vanimo,1566621833,100.0,PG,75.0,-2.67,141.3,83.18,9.57
nanakuli,1566621834,90.0,US,78.0,21.39,-158.15,84.2,3.36
fenyi,1566621835,19.0,CN,43.0,27.82,114.69,96.32,7.05
sitka,1566621838,79.0,US,93.0,37.17,-99.65,69.01,5.01
ponta delgada,1566621839,40.0,PT,94.0,37.73,-25.67,71.6,5.82
samarai,1566621841,96.0,PG,77.0,-10.62,150.67,72.74,8.39
hofn,1566621842,93.0,IS,94.0,64.25,-15.21,38.18,13.38
tevaitoa,1566621843,0.0,PF,69.0,-16.78,-151.5,78.14,7.74
sechura,1566621844,6.0,PE,89.0,-5.56,-80.82,61.94,8.68
pinega,1566621847,97.0,RU,84.0,64.7,43.39,54.74,6.08
sangar,1566621848,28.0,RU,62.0,63.92,127.47,68.6,4.14
gualaquiza,1566621849,100.0,EC,98.0,-3.4,-78.58,47.72,6.51
katangli,1566621851,100.0,RU,87.0,51.71,143.23,51.5,14.43
minas,1566621853,0.0,UY,100.0,-34.38,-55.24,44.6,6.93
erdaojiang,1566621854,22.0,CN,73.0,41.78,126.03,68.6,6.96
souillac,1566621856,0.0,FR,63.0,45.6,-0.6,68.0,5.82
surgut,1566621857,40.0,RU,82.0,61.25,73.4,60.8,15.66
salta,1566621858,0.0,AR,81.0,-24.79,-65.41,51.8,0.72
zhanakorgan,1566621861,0.0,KZ,20.0,43.91,67.25,86.78,21.39
solwezi,1566621862,28.0,ZM,44.0,-12.18,26.4,56.9,9.95
ituango,1566621863,100.0,CO,97.0,7.17,-75.76,57.98,1.16
chute-aux-outardes,1566621865,1.0,CA,76.0,49.12,-68.38,57.2,6.93
lebanon,1566621866,1.0,US,82.0,40.34,-76.42,63.0,6.93
gerash,1566621751,0.0,IR,37.0,27.67,54.14,86.0,6.93
chilliwack,1566621868,40.0,CA,77.0,49.17,-121.95,62.6,6.93
barillas,1566621870,4.0,ES,64.0,41.97,-1.66,68.0,4.7
beyneu,1566621871,0.0,KZ,22.0,45.32,55.19,85.16,14.18
muli,1566621872,1.0,CN,51.0,28.08,109.56,89.12,5.86
xichang,1566621874,20.0,CN,54.0,27.88,102.25,74.54,4.34
peace river,1566621875,20.0,CA,87.0,56.23,-117.29,53.6,2.24
atherton,1566621876,75.0,AU,44.0,-17.27,145.48,78.8,13.87
gongzhuling,1566621877,42.0,CN,55.0,43.5,124.81,79.0,5.84
canutama,1566621879,37.0,BR,66.0,-6.53,-64.38,76.7,2.46
huarmey,1566621880,51.0,PE,93.0,-10.07,-78.15,58.88,15.39
nalut,1566621881,0.0,LY,69.0,31.86,10.98,71.48,5.91
grindavik,1566621882,90.0,IS,87.0,63.84,-22.43,51.8,3.36
haines junction,1566621884,100.0,CA,88.0,60.75,-137.51,41.06,0.85
adrar,1566621885,0.0,DZ,15.0,27.87,-0.29,91.4,11.41
chicama,1566621886,75.0,PE,93.0,-7.84,-79.15,60.8,6.93
alekseyevka,1566621887,0.0,RU,72.0,53.25,50.49,60.8,4.47
tiptur,1566621889,99.0,IN,62.0,13.26,76.47,80.3,10.87
belmonte,1566621890,0.0,PT,88.0,40.36,-7.35,62.01,3.15
arenapolis,1566621891,6.0,BR,47.0,-14.45,-56.85,72.92,3.11
ocara,1566621892,6.0,BR,85.0,-4.49,-38.6,69.5,5.12
aleksandriya,1566621894,100.0,RU,51.0,45.09,43.24,76.7,3.71
olimpia,1566621895,0.0,IT,69.0,44.99,8.54,75.2,10.29
liberty,1566621896,1.0,US,82.0,39.64,-84.93,63.0,6.93
shibetsu,1566621899,75.0,JP,88.0,44.15,142.46,68.0,10.29
tullahoma,1566621632,75.0,US,94.0,35.36,-86.21,75.99,8.05
mwinilunga,1566621901,22.0,ZM,39.0,-11.73,24.43,57.8,10.49
kitimat,1566621903,75.0,CA,93.0,54.02,-128.69,55.4,24.16
mount gambier,1566621905,75.0,AU,87.0,-37.83,140.78,50.0,21.92
maputo,1566621906,20.0,MZ,93.0,-25.97,32.57,53.6,1.12
verkhnyaya inta,1566621908,100.0,RU,92.0,65.99,60.32,49.16,11.21
ferry pass,1566621909,1.0,US,88.0,30.51,-87.21,82.4,4.7
gold coast,1566621910,0.0,AU,49.0,-28.0,153.41,75.0,13.87
garowe,1566621641,55.0,SO,48.0,8.41,48.48,84.62,25.97
harqalah,1566621913,0.0,SY,34.0,35.96,38.95,87.14,7.43
coffeyville,1566621914,1.0,US,94.0,37.04,-95.62,72.0,8.05
seymchan,1566621915,84.0,RU,38.0,62.93,152.39,72.92,10.8
pangody,1566621917,100.0,RU,89.0,65.85,74.49,51.32,26.19
alugan,1566621918,90.0,PH,54.0,12.22,125.48,91.46,5.66
dubbo,1566621919,0.0,AU,18.0,-32.25,148.6,73.4,13.87
aksha,1566621920,54.0,RU,46.0,50.28,113.29,72.56,10.0
ixtapa,1566621922,40.0,MX,74.0,20.71,-105.21,86.0,13.49
kalmunai,1566621923,90.0,LK,53.0,7.42,81.82,84.44,4.05
vao,1566621924,63.0,EE,83.0,59.1,26.19,62.12,9.64
kaniv,1566621925,8.0,UA,74.0,49.76,31.46,67.16,8.77
selma,1566621664,75.0,US,100.0,32.41,-87.02,75.99,7.56
dunedin,1566621928,50.0,NZ,71.0,-45.87,170.5,51.01,5.99
talara,1566621930,28.0,PE,91.0,-4.58,-81.27,63.02,18.34
port hueneme,1566621932,20.0,US,77.0,34.15,-119.2,69.8,5.82
benito juarez,1566621933,40.0,CU,94.0,22.29,-79.63,75.2,4.7
nishihara,1566621935,75.0,JP,52.0,35.74,139.53,93.0,3.36
nadym,1566621936,100.0,RU,90.0,65.53,72.51,53.12,29.12
kaeo,1566621937,3.0,NZ,97.0,-35.1,173.78,57.0,10.76
prudentopolis,1566621939,0.0,BR,95.0,-25.21,-50.98,45.56,2.53
tuatapere,1566621942,76.0,NZ,75.0,-46.13,167.69,53.01,13.0
lazarev,1566621943,100.0,RU,76.0,52.23,141.51,57.26,11.61
obo,1566621945,26.0,CF,95.0,5.39,26.49,71.12,1.48
port-cartier,1566621946,75.0,CA,66.0,50.03,-66.88,55.99,9.17
quelimane,1566621947,40.0,MZ,93.0,-17.88,36.89,64.4,3.36
varhaug,1566621948,75.0,NO,82.0,58.61,5.65,61.0,8.05
tocopilla,1566621951,43.0,CL,83.0,-22.09,-70.2,55.28,2.89
pontes e lacerda,1566621952,54.0,BR,47.0,-15.23,-59.33,73.46,4.56
kudahuvadhoo,1566621953,100.0,MV,66.0,2.67,72.89,82.64,4.88
arica,1566621955,90.0,CL,67.0,-18.48,-70.32,60.8,4.7
miandrivazo,1566621956,0.0,MG,42.0,-19.53,45.46,84.62,0.85
riyadh,1566621833,0.0,SA,20.0,24.63,46.72,84.2,4.7
lovozero,1566621959,99.0,RU,87.0,68.01,35.02,48.98,9.42
zhigansk,1566621960,61.0,RU,64.0,66.77,123.37,63.38,5.41
baruun-urt,1566621962,100.0,MN,78.0,46.68,113.28,59.24,7.61
kokstad,1566621963,0.0,ZA,17.0,-30.55,29.42,56.54,5.5
lima,1566621923,90.0,PE,87.0,-12.06,-77.04,60.8,10.29
kapit,1566621965,81.0,MY,41.0,2.02,112.94,95.42,2.04
na wa,1566621967,75.0,TH,88.0,17.49,104.1,82.4,5.82
nanga eboko,1566621968,100.0,CM,98.0,4.68,12.37,66.44,4.07
los alamos,1566621969,5.0,US,41.0,35.88,-106.3,73.4,11.41
washougal,1566621971,1.0,US,53.0,45.58,-122.35,75.2,4.7
wajima,1566621972,75.0,JP,73.0,37.4,136.9,77.0,6.93
la ferte-bernard,1566621973,0.0,FR,72.0,48.19,0.65,59.0,1.12
quatre cocos,1566621974,40.0,MU,88.0,-20.21,57.76,75.0,8.72
lasa,1566621976,0.0,CY,60.0,34.92,32.53,80.6,6.93
farafangana,1566621977,0.0,MG,71.0,-22.82,47.83,70.4,4.43
vihti,1566621978,20.0,FI,93.0,60.42,24.32,60.01,5.82
touros,1566621979,20.0,BR,88.0,-5.2,-35.46,71.6,5.82
turukhansk,1566621981,94.0,RU,44.0,65.8,87.96,71.12,12.57
henties bay,1566621982,0.0,NA,23.0,-22.12,14.28,66.0,1.01
ustka,1566621983,61.0,PL,67.0,54.58,16.86,65.54,2.84
ahuimanu,1566621984,90.0,US,94.0,21.44,-157.84,84.2,12.75
dingle,1566621986,100.0,PH,77.0,11.0,122.67,84.44,15.66
whitehorse,1566621817,90.0,CA,87.0,60.72,-135.06,50.0,4.7
maceio,1566621860,40.0,BR,94.0,-9.67,-35.74,69.8,3.36
moree,1566621989,51.0,AU,27.0,-29.46,149.84,75.2,12.75
svarstad,1566621991,0.0,NO,93.0,59.4,9.97,55.4,3.36
flinders,1566621992,0.0,AU,18.0,-34.58,150.85,75.99,16.11
la asuncion,1566621993,0.0,AR,48.0,-26.05,-65.39,47.72,7.4
yashan,1566621994,67.0,CN,68.0,30.81,118.02,88.04,12.73
ambrolauri,1566621996,40.0,GE,94.0,42.52,43.15,71.6,4.7
klyuchi,1566621997,97.0,RU,40.0,52.25,79.17,74.36,9.71
ostersund,1566621998,7.0,SE,93.0,63.18,14.64,48.2,6.93
naze,1566622000,99.0,NG,94.0,5.43,7.07,72.56,1.9
tsumeb,1566622001,0.0,NA,25.0,-19.25,17.72,57.08,8.1
les cayes,1566622002,0.0,HT,77.0,18.19,-73.75,83.0,15.5
sulangan,1566622003,100.0,PH,74.0,11.14,123.72,84.08,7.85
passo de camaragibe,1566622005,40.0,BR,94.0,-9.24,-35.49,69.8,3.36
victoria,1566622006,75.0,BN,59.0,5.28,115.24,91.4,3.36
sayyan,1566622007,24.0,YE,40.0,15.17,44.32,79.22,3.89
redcar,1566622009,0.0,GB,100.0,54.62,-1.06,62.01,3.36
seabra,1566622011,47.0,BR,92.0,-12.42,-41.77,57.98,13.15
ballina,1566622012,100.0,IE,99.0,54.11,-9.15,59.0,16.4
petatlan,1566622014,81.0,MX,77.0,17.52,-101.27,83.54,4.65
atasu,1566622015,0.0,KZ,39.0,48.68,71.64,70.04,2.28
nago,1566622016,40.0,IT,83.0,45.88,10.89,75.99,4.7
xining,1566622019,96.0,CN,55.0,36.62,101.77,73.99,7.07
bestobe,1566622020,0.0,KZ,39.0,52.5,73.1,77.24,16.78
majene,1566621751,46.0,ID,76.0,-3.54,118.97,81.02,10.31
montepuez,1566622023,94.0,MZ,62.0,-13.13,39.0,71.84,7.76
nazca,1566622024,47.0,PE,61.0,-14.83,-74.94,57.62,2.06
manono,1566622025,55.0,CD,28.0,-7.3,27.4,76.52,4.12
inirida,1566622026,0.0,CO,90.0,3.87,-67.92,70.04,1.68
wewak,1566622028,54.0,PG,78.0,-3.55,143.63,81.02,6.91
auki,1566622029,29.0,NG,93.0,12.18,6.51,70.4,11.32
finschhafen,1566622030,95.0,PG,98.0,-6.6,147.85,66.08,3.76
windhoek,1566621852,0.0,NA,32.0,-22.57,17.08,51.8,6.93
manggar,1566622035,31.0,ID,54.0,-2.88,108.27,86.96,9.8
yumen,1566622036,0.0,CN,13.0,40.29,97.04,87.5,11.95
bairnsdale,1566622038,0.0,AU,33.0,-37.83,147.63,64.99,18.01
hutang,1566622039,5.0,CN,50.0,29.22,119.85,93.44,6.73
arroyo,1566622040,8.0,BO,52.0,-11.08,-66.08,74.18,2.3
rovaniemi,1566622042,75.0,FI,93.0,66.5,25.72,50.0,9.17
kipit,1566622043,100.0,PH,72.0,8.05,122.53,84.08,4.99
durango,1566622044,93.0,MX,73.0,24.02,-104.67,63.0,7.0
gwadar,1566622046,33.0,PK,80.0,25.12,62.33,80.66,7.36
santa maria,1566622047,0.0,BR,43.0,-16.02,-48.01,69.8,2.24
bonavista,1566622048,83.0,CA,82.0,48.65,-53.11,64.99,13.0
sinnamary,1566622049,0.0,GF,74.0,5.38,-52.96,81.92,8.55
magdagachi,1566622051,3.0,RU,38.0,53.45,125.8,80.3,2.15
lompoc,1566622052,1.0,US,87.0,34.64,-120.46,64.4,4.7
iquitos,1566622053,75.0,PE,94.0,-3.75,-73.25,73.4,2.24
maunabo,1566622055,75.0,PR,94.0,18.01,-65.9,82.4,6.93
hovd,1566622057,40.0,NO,93.0,63.83,10.7,57.0,6.93
luderitz,1566622058,0.0,NA,23.0,-26.65,15.16,64.4,3.36
mumford,1566622060,98.0,GH,96.0,5.26,-0.76,71.84,3.11
iralaya,1566622061,5.0,HN,94.0,15.0,-83.23,76.34,1.59
cururupu,1566622062,17.0,BR,99.0,-1.82,-44.87,71.66,3.33
namatanai,1566622064,100.0,PG,88.0,-3.66,152.44,77.96,16.6
lyngdal,1566622065,20.0,NO,100.0,58.14,7.07,60.01,3.36
kudowa-zdroj,1566622066,76.0,PL,93.0,50.44,16.24,62.01,8.59
waipawa,1566622067,56.0,NZ,70.0,-39.94,176.59,52.0,5.99
reconquista,1566622070,17.0,AR,87.0,-29.14,-59.64,50.24,6.4
bongandanga,1566622071,99.0,CD,94.0,1.51,21.07,72.2,2.64
la palma,1566622072,83.0,CO,79.0,5.36,-74.39,69.5,3.53
race,1566622075,0.0,ES,52.0,40.61,-3.58,73.99,3.36
ambilobe,1566622076,70.0,MG,53.0,-13.19,49.05,81.02,6.69
kaseda,1566622078,75.0,JP,94.0,31.42,130.32,80.6,5.82
bowen,1566622079,90.0,AU,60.0,-20.01,148.25,73.4,17.22
otofuke,1566622080,20.0,JP,73.0,43.02,143.2,73.4,3.36
okha,1566622082,100.0,RU,77.0,53.59,142.95,54.74,12.57
puerto carreno,1566622083,56.0,CO,88.0,6.19,-67.49,74.54,3.58
laramie,1566621882,1.0,US,55.0,41.31,-105.59,60.8,4.7
plyussa,1566622085,100.0,RU,85.0,58.42,29.37,62.3,11.61
karpogory,1566622087,98.0,RU,82.0,64.0,44.44,55.82,4.18
abhar,1566622088,0.0,IR,18.0,36.14,49.22,77.6,9.8
poddorye,1566622089,100.0,RU,75.0,57.47,31.12,60.86,9.89
kuala terengganu,1566622091,75.0,MY,55.0,5.33,103.14,91.4,5.82
salamiyah,1566622093,0.0,SY,35.0,35.01,37.05,84.26,0.65
ome,1566622094,20.0,JP,52.0,35.8,139.24,93.0,3.36
thinadhoo,1566622096,100.0,MV,65.0,0.53,72.93,83.0,6.76
lethem,1566622097,0.0,GY,79.0,3.38,-59.8,76.7,2.68
dongsheng,1566622098,4.0,CN,54.0,29.72,112.52,92.36,7.36
